blight-78000,22n@63v-486-m6k
blight-78001,22q@63v-459-249
blight-78002,223@63v-45c-8vz
blight-78003,222@63v-44j-wzf
blight-78004,23b@63v-456-nt9
blight-78005,22v@63v-4hr-6zf
blight-78006,22s@63v-4hr-6zf
blight-78007,227@63v-4hr-6rk
blight-78008,238@63v-4g8-dd9
blight-78009,23j@63v-4g2-y9z
blight-78010,224@63v-484-5cq
blight-78011,22b@63v-484-5xq
blight-78012,22k@63v-484-5cq
blight-78013,22p@63v-47b-kfz
blight-78014,222@63v-4hr-6p9
blight-78015,0teizbq3lx@63v-44v-59f
blight-78016,222@63v-4hz-grk
blight-78017,22d@63v-4g2-8qf
blight-78018,0jslz345io@63v-44v-59f
blight-78019,222@63v-4g2-835
blight-78020,0qsep6vbnp@63v-44v-59f
blight-78021,22r@63v-4g2-92k
blight-78022,223@63v-4hw-p35
blight-78023,0ij5b3dqus@63v-44v-59f
blight-78024,22j@63v-48z-n5z
blight-78025,0sotikafqn@63v-44v-59f
blight-78026,03slxl33xb@63v-44v-59f
blight-78027,22h@63t-x3d-ty9
blight-78028,03q3e6bndg@63v-44v-59f
blight-78029,22j@63v-494-99f
blight-78030,22d@63v-49z-cnq
blight-78031,0laiyibrfd@63v-44v-59f
blight-78032,23q@63v-456-nt9
blight-78033,222@63v-456-p7q
blight-78034,225@63v-44g-435
blight-78035,22b@63v-4jc-vvf
blight-78036,0pwryojmms@63v-44v-59f
blight-78037,22c@63v-4jc-vvf
blight-78038,22c@63v-45c-jjv
blight-78039,0zm52x2xah@63v-44v-59f
blight-78040,0jiiyv3a5a@63v-44v-59f
blight-78041,227@63v-4gh-pn5
blight-78042,22g@63v-4gh-pn5
blight-78043,22m@63v-4j3-p35
blight-78044,22t@63v-4j3-xbk
blight-78045,0qp7r5gkjf@63v-44v-59f
blight-78046,227@63v-4j2-yd9
blight-78047,0or6454x5y@63v-44v-59f
blight-78048,0safpragax@63v-44v-59f
blight-78049,22t@63v-4j3-jn5
blight-78050,22b@63v-4jw-68v
blight-78051,22s@63v-4jx-q75
blight-78052,238@63v-4j3-gff
blight-78053,22b@63v-4j3-gff
blight-78054,22f@63v-4j3-kxq
blight-78055,223@63v-4j3-kxq
blight-78056,22t@63v-4j3-m49
blight-78057,222@63v-4jw-92k
blight-78058,229@63v-4jw-9fz
blight-78059,0rweosq37c@63v-44v-59f
blight-78060,22n@63v-49s-87q
blight-78061,238@63v-4hz-v75
blight-78062,0cw2ovgpw3@63v-44v-59f
blight-78063,22f@63v-484-7h5
blight-78064,226@63v-486-kvf
blight-78065,22d@63v-484-49z
blight-78066,235@63v-486-kvf
blight-78067,0ekpgal2ij@63v-44v-59f
blight-78068,0qhknndoxt@63v-44v-59f
blight-78069,226@63v-483-54v
blight-78070,22p@63v-482-zmk
blight-78071,22n@63v-4hw-jd9
blight-78072,227@63v-482-zmk
blight-78073,22r@63v-482-zmk
blight-78074,22s@63t-x3d-9j9
blight-78075,23k@63v-4hq-xqz
blight-78076,22d@63t-x3d-5mk
blight-78077,22n@63t-x3d-y35
blight-78078,22v@63t-x3d-y35
blight-78079,228@63v-4dt-cdv
blight-78080,22h@63v-482-zzz
blight-78081,226@63v-4jb-kj9
blight-78082,22c@63v-482-zzz
blight-78083,225@63t-x3d-xkf
blight-78084,0rizcejvnv@63v-44v-59f
blight-78085,22p@63t-x3f-28v
blight-78086,227@63v-4js-975
blight-78087,223@63t-x3f-28v
blight-78088,22c@63t-x3f-28v
blight-78089,236@63v-4jc-b8v
blight-78090,22n@63v-4jc-b8v
blight-78091,24q@63v-4jc-f2k
blight-78092,24b@63v-4jc-f2k
blight-78093,228@63t-x3d-xkf
blight-78094,222@63v-4jm-g8v
blight-78095,222@63v-4jm-dqf
blight-78096,227@63v-4jm-dqf
blight-78097,225@63v-4jm-cwk
blight-78098,22d@63v-4jm-cwk
blight-78099,22c@63v-4jm-bff
blight-78100,02j2kxel6a@63v-44v-59f
blight-78101,02rc5anp3u@63v-44v-59f
blight-78102,0cwundauak@63v-44v-59f
blight-78103,22r@63v-4j6-6zf
blight-78104,223@63t-x3d-w6k
blight-78105,22z@63v-4ht-bhq
blight-78106,23b@63v-4ht-bhq
blight-78107,22k@63v-4ht-bhq
blight-78108,03hqlbkrzb@63v-44v-59f
blight-78109,0cmfjr4xu3@63v-44v-59f
blight-78110,0cnikudhjf@63v-44v-59f
blight-78111,227@63v-4hw-6hq
blight-78112,22c@63v-4hw-45f
blight-78113,228@63v-4hw-45f
blight-78114,22f@63v-4hw-435
blight-78115,22p@63v-4hw-435
blight-78116,22t@63v-44h-cnq
blight-78117,22b@63v-44j-59f
blight-78118,22c@63v-4hw-6tv
blight-78119,22f@63v-4jw-85f
blight-78120,222@63v-4jm-d7q
blight-78121,22k@63v-4jw-85f
blight-78122,229@63v-4jw-7dv
blight-78123,22s@63v-49v-dgk
blight-78124,22c@63v-49v-26k
blight-78125,228@63v-49z-d7q
blight-78126,22k@63v-44h-skf
blight-78127,22d@63v-4rb-grk
blight-78128,229@63v-495-8y9
blight-78129,23y@63v-44h-n89
blight-78130,0tdaxxlgc5@63v-44v-59f
blight-78131,22b@63v-44f-q9f
blight-78132,045dkpzstz@63v-44v-59f
blight-78133,229@63v-448-6kz
blight-78134,22v@63v-447-rkz
blight-78135,0felwu26m4@63v-44v-59f
blight-78136,222@63v-493-wtv
blight-78137,22k@63v-4j2-6p9
blight-78138,22h@63v-4j2-6p9
blight-78139,22d@63v-4j2-6x5
blight-78140,0negcm44s4@63v-44v-59f
blight-78141,225@63v-48q-sqz
blight-78142,0g3d4omp2c@63v-44v-59f
blight-78143,229@63v-4rb-ks5
blight-78144,223@63v-4r7-2p9
blight-78145,228@63v-4jd-tgk
blight-78146,22p@63v-4jw-grk
blight-78147,22c@63v-4r6-xnq
blight-78148,22f@63v-4r7-2kz
blight-78149,229@63v-486-66k
blight-78150,22d@63v-486-9pv
blight-78151,04up4ho32g@63v-44v-59f
blight-78152,22j@63v-4r6-xnq
blight-78153,225@63v-4r6-xnq
blight-78154,22p@63v-4r6-xnq
blight-78155,22d@63v-4jm-7dv
blight-78156,224@63v-4jm-gtv
blight-78157,225@63v-4js-hwk
blight-78158,0ptg2rofza@63v-44v-59f
blight-78159,22g@63v-4jt-tvz
blight-78160,22y@63v-4jt-tvz
blight-78161,236@63v-4g8-snq
blight-78162,0goxqzcjv5@63v-44v-59f
blight-78163,229@63v-4g5-8d9
blight-78164,0qnh53kutu@63v-44v-59f
blight-78165,22n@63v-4gj-pd9
blight-78166,0jsfijtzm3@63v-44v-59f
blight-78167,233@63v-4gj-pd9
blight-78168,0pax3nq5zy@63v-44v-59f
blight-78169,22r@63v-4gj-pd9
blight-78170,226@63v-4gh-qvf
blight-78171,22r@63v-4b4-qpv
blight-78172,227@63v-49z-hkf
blight-78173,227@63v-4gh-qj9
blight-78174,225@63v-4gh-qj9
blight-78175,22g@63v-4gj-kxq
blight-78176,22g@63v-4gh-snq
blight-78177,22w@63v-4gh-snq
blight-78178,0efw6yjin3@63v-44v-59f
blight-78179,22h@63v-4hs-2zf
blight-78180,22c@63v-4hs-3bk
blight-78181,22k@63v-4hs-73q
blight-78182,234@63v-4hs-73q
blight-78183,22b@63v-4j3-v2k
blight-78184,22f@63v-4j3-v9f
blight-78185,22c@63v-4gb-vmk
blight-78186,22k@63v-4r9-tn5
blight-78187,228@63v-4b4-qpv
blight-78188,22x@63v-4b4-qpv
blight-78189,22k@63v-4b4-qpv
blight-78190,224@63v-4b4-qpv
blight-78191,0vpnq2y7v5@63v-44v-59f
blight-78192,26z@63v-4dt-gff
blight-78193,22b@63v-4b4-qpv
blight-78194,0qqnn6zioy@63v-44v-59f
blight-78195,229@63v-48d-vvf
blight-78196,22g@63v-48d-vvf
blight-78197,0cimnag6tc@63v-44v-59f
blight-78198,03gxb4t6l7@63v-44v-59f
blight-78199,225@63v-484-7kf
blight-78200,0dayzlcvlc@63v-44v-59f
blight-78201,224@63v-4gc-hh5
blight-78202,222@63v-4js-4gk
blight-78203,22k@63v-4r9-y7q
blight-78204,05prdbsssb@63v-44v-59f
blight-78205,229@63v-484-7kf
blight-78206,23h@63v-483-sbk
blight-78207,03tppcvn3a@63v-44v-59f
blight-78208,22d@63v-484-59f
blight-78209,07km7lz37y@63v-44v-59f
blight-78210,22j@63v-483-s89
blight-78211,223@63v-49z-r49
blight-78212,225@63v-4rb-2tv
blight-78213,226@63v-4jg-zxq
blight-78214,22s@63v-483-s89
blight-78215,22m@63v-4j6-c5z
blight-78216,22x@63v-483-s89
blight-78217,22h@63v-483-3t9
blight-78218,03p45zn67p@63v-44v-59f
blight-78219,0xr7yv2qor@63v-44v-59f
blight-78220,22r@63v-48d-vs5
blight-78221,225@63v-48d-whq
blight-78222,228@63v-482-zcq
blight-78223,0jjca5v6z4@63v-44v-59f
blight-78224,22b@63v-483-575
blight-78225,224@63v-484-7qz
blight-78226,228@63v-482-yvz
blight-78227,22f@63v-483-49z
blight-78228,22s@63v-483-2ff
blight-78229,223@63v-4dx-hwk
blight-78230,22q@63v-4g5-yn5
blight-78231,0pner73pfj@63v-44v-59f
blight-78232,238@63v-4g2-jqf
blight-78233,23n@63v-48d-yd9
blight-78234,03vmqpenaa@63v-483-swk
blight-78235,222@63v-4dx-hwk
blight-78236,22f@63v-4dx-zzz
blight-78237,223@63v-483-3yv
blight-78238,229@63v-483-y9z
blight-78239,223@63v-483-ygk
blight-78240,224@63v-483-ygk
blight-78241,22h@63v-4dx-g49
blight-78242,222@63v-483-yn5
blight-78243,225@63v-4cc-6rk
blight-78244,0vrq362afi@63v-44v-59f
blight-78245,223@63v-4dx-g49
blight-78246,22m@63v-456-nqz
blight-78247,22f@63v-4dx-g6k
blight-78248,225@63v-484-35z
blight-78249,224@63v-4dx-g6k
blight-78250,229@63v-483-ysq
blight-78251,227@63v-4cc-92k
blight-78252,22q@63v-4cc-6rk
blight-78253,22j@63v-4cc-6rk
blight-78254,22q@63v-4cb-575
blight-78255,226@63v-4cb-575
blight-78256,225@63v-4cb-59f
blight-78257,22t@63v-4dx-g6k
blight-78258,233@63v-4jw-gx5
blight-78259,05y66b4t2d@63v-44v-59f
blight-78260,22k@63v-4jw-gx5
blight-78261,228@63v-4dx-hyv
blight-78262,225@63v-4dx-hyv
blight-78263,22c@63v-4dx-d5f
blight-78264,0gnwgamf5k@63v-44v-59f
blight-78265,22w@63v-4j7-fpv
blight-78266,22c@63v-4j7-q9f
blight-78267,228@63v-4j7-fpv
blight-78268,226@63v-4jf-cyv
blight-78269,22t@63v-4j6-d7q
blight-78270,223@63v-4j7-ct9
blight-78271,226@63v-4j7-ct9
blight-78272,228@63v-4j7-ct9
blight-78273,0x36yd5nxf@63v-44v-59f
blight-78274,22k@63v-4gj-9j9
blight-78275,234@63v-4jn-hh5
blight-78276,22k@63v-4g2-f2k
blight-78277,225@63v-4b4-qpv
blight-78278,222@63v-4b4-nh5
blight-78279,239@63v-4b4-ndv
blight-78280,225@63v-4b4-ndv
blight-78281,226@63v-4b4-ndv
blight-78282,22g@63v-4b4-ndv
blight-78283,22q@63v-4b4-ndv
blight-78284,22r@63v-4b4-ndv
blight-78285,238@63v-4b4-ndv
blight-78286,22j@63v-4b4-ndv
blight-78287,228@63v-49s-89z
blight-78288,223@63v-49s-8gk
blight-78289,22b@63v-47b-wx5
blight-78290,229@63v-478-4n5
blight-78291,223@63v-477-6rk
blight-78292,22c@63v-4jw-7yv
blight-78293,06kixhnnrc@63v-44v-59f
blight-78294,236@63v-4hw-6ff
blight-78295,22d@63v-4jw-8gk
blight-78296,0znn7jvxim@63v-44v-59f
blight-78297,22q@63v-4hw-4qf
blight-78298,03kp3cputv@63v-44v-59f
blight-78299,22d@63v-44j-5fz
blight-78300,223@63v-44h-fpv
blight-78301,22m@63v-484-7kf
blight-78302,22j@63v-484-7kf
blight-78303,22n@63v-484-7h5
blight-78304,22y@63v-484-7h5
blight-78305,22c@63v-489-k75
blight-78306,223@63v-48d-xdv
blight-78307,22b@63v-48d-xdv
blight-78308,22d@63v-48d-xdv
blight-78309,04ig3r5pa5@63v-44v-59f
blight-78310,22d@63v-48d-zj9
blight-78311,229@63v-48d-ygk
blight-78312,06iidkjir7@63v-44v-59f
blight-78313,0vhlrvmdul@63v-44v-59f
blight-78314,229@63v-48d-z2k
blight-78315,22c@63v-48d-wrk
blight-78316,22j@63v-48d-z4v
blight-78317,228@63v-4jc-wff
blight-78318,227@63v-4g3-6c5
blight-78319,228@63v-4g3-87q
blight-78320,225@63v-4jv-yd9
blight-78321,22g@63v-485-ysq
blight-78322,22h@63v-486-skf
blight-78323,223@63v-486-26k
blight-78324,r3c@63t-wzd-6kz
blight-78325,22q@63v-486-4gk
blight-78326,225@63v-486-4n5
blight-78327,222@63v-486-3dv
blight-78328,23k@63v-4jm-xt9
blight-78329,223@63v-4jm-z9f
blight-78330,22c@63v-4jq-mhq
blight-78331,22g@63v-485-ygk
blight-78332,0scupkmvt7@63v-44v-59f
blight-78333,0xjf46u4ae@63v-44v-59f
blight-78334,224@63v-486-3h5
blight-78335,226@63t-x35-tvz
blight-78336,03xhxhlchh@63v-44v-59f
blight-78337,0jiu4pgtnf@63v-44v-59f
blight-78338,22g@63v-4hw-w6k
blight-78339,0k36bfy4v3@63v-44v-59f
blight-78340,22b@63v-4cb-tsq
blight-78341,222@63v-486-35z
blight-78342,228@63v-4cb-tvz
blight-78343,22d@63v-4cb-tvz
blight-78344,22n@63v-4cb-tvz
blight-78345,22f@63v-4cb-tvz
blight-78346,22b@63v-4cb-5cq
blight-78347,22d@63v-4cb-5cq
blight-78348,22j@63v-4cc-9fz
blight-78349,227@63v-4cb-5j9
blight-78350,223@63v-4jw-89z
blight-78351,22f@63v-4jw-89z
blight-78352,0ewczva3ok@63v-44v-59f
blight-78353,222@63v-48x-fcq
blight-78354,22j@63v-4hw-575
blight-78355,32d5@63t-wzd-6kz
blight-78356,22k@63v-4hw-59f
blight-78357,0akbaq7ulz@63v-44v-59f
blight-78358,226@63v-4hw-2ff
blight-78359,226@63v-4jw-89z
blight-78360,22p@63v-4hw-2hq
blight-78361,02xzm7irck@63v-44v-59f
blight-78362,22g@63v-4hw-2rk
blight-78363,228@63v-4hz-nwk
blight-78364,222@63v-4hw-2tv
blight-78365,0nppspz6dg@63v-44v-59f
blight-78366,22c@63v-4hw-2rk
blight-78367,234@63v-4hw-2rk
blight-78368,062z7wgapc@63v-44v-59f
blight-78369,224@63v-4gq-m8v
blight-78370,22g@63v-4hw-5vf
blight-78371,22p@63v-4hw-52k
blight-78372,22k@63v-4hw-52k
blight-78373,22y@63v-4hw-52k
blight-78374,22t@63v-4hw-5xq
blight-78375,228@63v-4hw-5xq
blight-78376,22d@63v-4j3-h89
blight-78377,222@63v-4hw-5cq
blight-78378,22f@63v-4j3-h89
blight-78379,222@63v-4jw-dsq
blight-78380,223@63v-44h-fmk
blight-78381,22d@63v-4jt-r6k
blight-78382,24c@63v-4jj-4d9
blight-78383,0s4ubvjn34@63v-44v-59f
blight-78384,239@63v-496-d9z
blight-78385,223@63v-47h-cdv
blight-78386,22m@63v-44h-m6k
blight-78387,22d@63v-4j5-wzf
blight-78388,22g@63v-44h-m8v
blight-78389,229@63v-44b-8d9
blight-78390,22c@63v-44b-8d9
blight-78391,224@63v-449-t35
blight-78392,22t@63v-49v-qxq
blight-78393,0hre2dnriw@63v-44v-59f
blight-78394,0gs5lrnrf2@63v-44v-59f
blight-78395,225@63v-4hy-wzf
blight-78396,22b@63v-49v-8jv
blight-78397,228@63v-4dx-zvf
blight-78398,22q@63v-4dx-xqz
blight-78399,224@63v-4dx-cyv
blight-78400,227@63v-4dx-g8v
blight-78401,228@63v-4cb-5cq
blight-78402,22t@63v-4cb-5cq
blight-78403,224@63v-4cb-5cq
blight-78404,22y@63v-4gc-mkz
blight-78405,23h@63v-4g5-fxq
blight-78406,07srasenyi@63v-44v-59f
blight-78407,22f@63v-458-d9z
blight-78408,225@63v-455-ct9
blight-78409,222@63v-492-8qf
blight-78410,0qrkgutk5u@63v-44v-59f
blight-78411,235@63v-4b4-skf
blight-78412,22k@63v-4b4-skf
blight-78413,22r@63v-4b4-skf
blight-78414,22b@63v-4b4-skf
blight-78415,23w@63v-4b4-skf
blight-78416,229@63v-4b4-gp9
blight-78417,22x@63v-4b4-ndv
blight-78418,22f@63v-4b4-ndv
blight-78419,0s3dc6ca75@63v-44v-59f
blight-78420,22p@63v-486-3h5
blight-78421,22f@63v-4b4-skf
blight-78422,22v@63v-4b4-skf
blight-78423,226@63v-4j2-3t9
blight-78424,229@63v-4hz-nh5
blight-78425,224@63v-4hz-n3q
blight-78426,239@63v-4hz-dy9
blight-78427,222@63v-4b2-gzf
blight-78428,22r@63v-494-kvf
blight-78429,0usnffaxh2@63v-44v-59f
blight-78430,23c@63v-4b4-skf
blight-78431,224@63v-496-wc5
blight-78432,2ms@63v-4dt-gff
blight-78433,229@63v-4b3-r49
blight-78434,05ptimcr7g@63v-44v-59f
blight-78435,22j@63v-47j-b6k
blight-78436,222@63v-4b4-pvz
blight-78437,22j@63v-47d-fvf
blight-78438,22h@63v-4b4-qcq
blight-78439,228@63v-4b4-qcq
blight-78440,0txp3gboho@63v-44v-59f
blight-78441,0o3pr7gs3l@63v-44v-59f
blight-78442,225@63v-4b4-5s5
blight-78443,0glzngjtlx@63v-44v-59f
blight-78444,224@63v-4b4-5s5
blight-78445,26z@63v-486-4gk
blight-78446,0cszivi4nu@63v-44v-59f
blight-78447,0hqeakmxir@63v-44v-59f
blight-78448,0t2rng7yv2@63v-44v-59f
blight-78449,222@63v-49z-sbk
blight-78450,22v@63v-4b2-kxq
blight-78451,0mhurjimef@63v-44v-59f
blight-78452,22x@63v-44h-kpv
blight-78453,22d@63v-449-tvz
blight-78454,0rny2yjnm7@63v-44v-59f
blight-78455,22v@63v-44j-28v
blight-78456,0tlkud7fhr@63v-44v-59f
blight-78457,22q@63v-49z-2rk
blight-78458,22y@63v-493-3t9
blight-78459,22c@63v-493-3t9
blight-78460,0ffcw2ifq7@63v-44v-59f
blight-78461,22g@63v-493-49z
blight-78462,22h@63v-49w-djv
blight-78463,237@63v-4jw-7yv
blight-78464,22q@63v-4j4-3qz
blight-78465,222@63v-486-dn5
blight-78466,0a6dtu3cs7@63v-44v-59f
blight-78467,224@63v-486-dvz
blight-78468,0gump2mylr@63v-44v-59f
blight-78469,223@63v-4j2-33q
blight-78470,225@63v-4j4-35z
blight-78471,22f@63v-4dx-hyv
blight-78472,22c@63v-4dx-zzz
blight-78473,24w@63v-4j2-33q
blight-78474,0kg3oaq2c5@63v-44v-59f
blight-78475,22h@63v-4dx-fzz
blight-78476,22c@63v-4dx-fzz
blight-78477,226@63v-4dx-7kf
blight-78478,22g@63v-4dx-94v
blight-78479,227@63v-4dx-7kf
blight-78480,223@63v-4dx-6tv
blight-78481,22c@63v-44b-28v
blight-78482,224@63v-4gq-pvz
blight-78483,22n@63v-4dt-7t9
blight-78484,0ht6ucfg4g@63v-44v-59f
blight-78485,0nsf6wifn2@63v-44v-59f
blight-78486,0zxkc63htb@63v-44v-59f
blight-78487,22c@63v-47b-vs5
blight-78488,22j@63v-48x-tqf
blight-78489,226@63v-48w-zs5
blight-78490,226@63v-498-73q
blight-78491,0e32alzzcm@63v-44v-59f
blight-78492,22b@63v-454-2zf
blight-78493,22v@63v-4rb-jjv
blight-78494,22z@63v-44c-3bk
blight-78495,22t@63v-45c-vpv
blight-78496,22d@63v-4jv-kzz
blight-78497,0lcivjasr5@63v-44v-59f
blight-78498,0mkveef2ws@63v-44v-59f
blight-78499,22f@63v-456-rff
blight-78500,224@63v-48y-54v
blight-78501,22f@63v-4gc-hqz
blight-78502,237@63v-4g5-8d9
blight-78503,22d@63v-4g5-yn5
blight-78504,22c@63v-4jn-yy9
blight-78505,22n@63v-497-v9f
blight-78506,222@63v-4hx-x3q
blight-78507,0pc6wc5i3e@63v-44v-59f
blight-78508,05vd4olswp@63v-44v-59f
blight-78509,0hl234kut2@63v-44v-59f
blight-78510,228@63v-4hy-26k
blight-78511,22f@63v-498-p5f
blight-78512,225@63v-48y-2x5
blight-78513,227@63v-4hr-g49
blight-78514,223@63v-48t-py9
blight-78515,227@63v-449-rzf
blight-78516,22j@63v-449-xkf
blight-78517,224@63v-492-mtv
blight-78518,224@63v-4rb-2kz
blight-78519,02nexb3w36@63v-44v-59f
blight-78520,223@63v-4hv-yvz
blight-78521,0yewmjy3kq@63v-44v-59f
blight-78522,22x@63v-4hx-75z
blight-78523,237@63v-4gc-x5z
blight-78524,23c@63v-4hw-dy9
blight-78525,224@63v-486-mc5
blight-78526,0k6likfa4m@63v-44v-59f
blight-78527,22f@63v-486-jy9
blight-78528,227@63v-4hr-jgk
blight-78529,22c@63v-4g2-rzf
blight-78530,22k@63v-4gc-fs5
blight-78531,228@63v-4gd-49z
blight-78532,239@63v-4jn-wrk
blight-78533,229@63v-486-rtv
blight-78534,227@63v-493-rc5
blight-78535,0hgc3j7apv@63v-44v-59f
blight-78536,222@63v-493-rc5
blight-78537,22f@63v-493-rc5
blight-78538,225@63v-4jx-n5z
blight-78539,236@63v-4jt-5vf
blight-78540,23h@63v-4jt-5vf
blight-78541,238@63v-456-nwk
blight-78542,23t@63v-4jt-x3q
blight-78543,224@63v-4jw-z4v
blight-78544,22d@63v-4hz-t9z
blight-78545,22s@63v-4jt-wx5
blight-78546,224@63v-4hz-t9z
blight-78547,224@63v-4jd-gc5
blight-78548,0m6m5jh5uz@63v-44v-59f
blight-78549,22f@63v-4jd-gc5
blight-78550,22d@63v-4ht-7yv
blight-78551,226@63v-4j2-4jv
blight-78552,236@63v-4g8-nt9
blight-78553,22x@63v-4g8-kpv
blight-78554,04x5xv3gib@63v-44v-59f
blight-78555,23k@63v-4g2-p35
blight-78556,222@63v-4g2-6x5
blight-78557,228@63v-4g2-6x5
blight-78558,23n@63v-4g2-6x5
blight-78559,229@63v-4g2-hkf
blight-78560,22y@63v-4g2-6x5
blight-78561,239@63v-4g2-6x5
blight-78562,23p@63v-4g2-6x5
blight-78563,22j@63v-4g2-6x5
blight-78564,22c@63v-493-rc5
blight-78565,224@63v-493-y7q
blight-78566,227@63v-493-y7q
blight-78567,0go4exnrbt@63v-44v-59f
blight-78568,0xycpixzrq@63v-44v-59f
blight-78569,22f@63v-482-zj9
blight-78570,229@63v-482-zj9
blight-78571,22k@63v-49z-py9
blight-78572,22g@63v-49z-py9
blight-78573,223@63v-49z-py9
blight-78574,0axlgdlivo@63v-44v-59f
blight-78575,223@63v-4rb-249
blight-78576,06s2ui7ic7@63v-44v-59f
blight-78577,22b@63v-4r9-ygk
blight-78578,03jgl5xlr6@63v-44v-59f
blight-78579,22r@63v-4r9-y7q
blight-78580,22y@63v-4r9-y7q
blight-78581,229@63v-4r9-z2k
blight-78582,224@63v-4r9-yy9
blight-78583,228@63v-4hr-4sq
blight-78584,22d@63v-4hr-5j9
blight-78585,0yw3wqpu3c@63v-44v-59f
blight-78586,22p@63v-4g2-9pv
blight-78587,22n@63v-4hr-85f
blight-78588,22d@63v-487-z2k
blight-78589,232@63v-4g3-5j9
blight-78590,22j@63v-4g3-5j9
blight-78591,22d@63v-4g3-68v
blight-78592,0javl624qb@63v-44v-59f
blight-78593,22p@63v-4g3-68v
blight-78594,22h@63v-4g3-68v
blight-78595,224@63v-4r9-z2k
blight-78596,226@63v-4hr-f9f
blight-78597,22c@63v-4r9-z2k
blight-78598,227@63v-4jm-7dv
blight-78599,225@63v-4jn-3qz
blight-78600,22q@63v-4jn-3qz
blight-78601,22q@63v-4j6-jgk
blight-78602,22q@63v-4j7-d5f
blight-78603,24j@63v-4j2-33q
blight-78604,22h@63v-4j6-r49
blight-78605,22j@63v-4hs-g8v
blight-78606,22g@63v-4jd-b6k
blight-78607,22h@63v-4jc-wc5
blight-78608,0g7zldysbo@63v-44v-59f
blight-78609,224@63v-498-dd9
blight-78610,22f@63v-4jh-t5f
blight-78611,23z@63v-4hz-r49
blight-78612,227@63v-4hy-45f
blight-78613,222@63v-4hs-j9z
blight-78614,22d@63v-4jh-49z
blight-78615,227@63v-4j6-qpv
blight-78616,229@63v-4jf-s89
blight-78617,0s2z7u4lvk@63v-44v-59f
blight-78618,225@63v-478-8y9
blight-78619,229@63v-492-5s5
blight-78620,223@63v-44h-ks5
blight-78621,22f@63v-447-r6k
blight-78622,224@63v-49x-whq
blight-78623,0i3fax4isc@63v-44v-59f
blight-78624,0z6qbzmnnp@63v-44v-59f
blight-78625,22m@63v-49w-8jv
blight-78626,236@63v-4jd-xbk
blight-78627,22v@63v-4jd-xbk
blight-78628,22n@63v-4hr-kvf
blight-78629,0tj7kts4mt@63v-44v-59f
blight-78630,229@63v-494-zzz
blight-78631,22d@63v-494-zzz
blight-78632,226@63v-4j2-m6k
blight-78633,22p@63v-4ht-mrk
blight-78634,22d@63v-44h-9xq
blight-78635,0ill6i45nc@63v-44v-59f
blight-78636,229@63v-49z-bp9
blight-78637,052dxmbybt@63v-44v-59f
blight-78638,222@63v-4r9-yy9
blight-78639,22d@63v-4r9-yy9
blight-78640,0ev6hx2tr3@63v-44v-59f
blight-78641,233@63v-49y-zj9
blight-78642,229@63v-49s-zfz
blight-78643,229@63v-4rb-2zf
blight-78644,22b@63v-49s-mrk
blight-78645,23c@63v-49s-m8v
blight-78646,234@63v-49s-m8v
blight-78647,223@63v-49s-kvf
blight-78648,225@63v-49s-hkf
blight-78649,222@63v-49s-hkf
blight-78650,229@63v-49s-kvf
blight-78651,22n@63v-4r9-pjv
blight-78652,225@63v-4r9-pn5
blight-78653,22f@63v-49y-8qf
blight-78654,22b@63v-4r9-pn5
blight-78655,234@63v-4rb-c89
blight-78656,235@63v-4rb-c89
blight-78657,22d@63v-4r9-jd9
blight-78658,22n@63v-4r9-nnq
blight-78659,22w@63v-49s-zvf
blight-78660,22d@63v-49z-5mk
blight-78661,22h@63v-44j-2tv
blight-78662,0w4mf6fpbg@63v-44v-59f
blight-78663,222@63v-47f-qvf
blight-78664,224@63v-48j-33q
blight-78665,223@63v-453-h5z
blight-78666,22h@63v-453-gff
blight-78667,227@63v-454-389
blight-78668,226@63v-454-389
blight-78669,22k@63v-453-g49
blight-78670,22z@63v-4r7-7h5
blight-78671,22r@63v-44d-gp9
blight-78672,228@63v-44d-fmk
blight-78673,22w@63v-498-djv
blight-78674,228@63v-498-djv
blight-78675,22y@63v-4b2-9j9
blight-78676,22h@63v-4h6-4d9
blight-78677,238@63v-4hy-ysq
blight-78678,222@63v-49v-7wk
blight-78679,0omkj4aqpi@63v-44v-59f
blight-78680,22c@63v-4jp-tjv
blight-78681,0byen3fdyb@63v-44v-59f
blight-78682,22m@63v-4h4-wx5
blight-78683,22d@63v-4h4-rx5
blight-78684,223@63v-4jp-grk
blight-78685,222@63v-4g8-8n5
blight-78686,243@63v-4g8-c89
blight-78687,225@63v-4g8-c89
blight-78688,237@63v-4g8-c5z
blight-78689,22c@63v-4g8-fxq
blight-78690,23f@63v-4g8-fxq
blight-78691,233@63v-4hw-td9
blight-78692,22v@63v-4j6-zpv
blight-78693,0cv4d3klle@63v-44v-59f
blight-78694,0ybwonhjf7@63v-44v-59f
blight-78695,22k@63v-4jn-3qz
blight-78696,22t@63v-4jn-3qz
blight-78697,22r@63v-4jn-3qz
blight-78698,22p@63v-4jx-qcq
blight-78699,226@63v-4jx-vfz
blight-78700,074dv72hfy@63v-44v-59f
blight-78701,229@63v-4jx-vfz
blight-78702,222@63v-4jc-kpv
blight-78703,22z@63v-4j6-h3q
blight-78704,22f@63v-4j9-wzf
blight-78705,22c@63v-4j9-wzf
blight-78706,22s@63v-4j9-wzf
blight-78707,22t@63v-4j9-wzf
blight-78708,22d@63v-4j9-mp9
blight-78709,22b@63v-483-zpv
blight-78710,22k@63v-4j6-bkz
blight-78711,22k@63v-4j9-n89
blight-78712,0iqqjzylvm@63v-44v-59f
blight-78713,22b@63v-4jg-vmk
blight-78714,22b@63v-4b2-fvf
blight-78715,22j@63v-4b2-fvf
blight-78716,22c@63v-4jg-vmk
blight-78717,0cmvuu244c@63v-44v-59f
blight-78718,22d@63v-4b2-gtv
blight-78719,0yfuktjfzz@63v-44v-59f
blight-78720,225@63v-4jg-92k
blight-78721,222@63v-4b3-7kf
blight-78722,225@63v-499-45f
blight-78723,222@63v-48z-zcq
blight-78724,0pfe3aebf7@63v-44v-59f
blight-78725,0mp4p6xrp6@63v-44v-59f
blight-78726,222@63v-4jh-4n5
blight-78727,224@63v-4jh-4n5
blight-78728,22v@63v-4jf-3t9
blight-78729,22p@63v-4jc-xt9
blight-78730,0a67tbkb6z@63v-44v-59f
blight-78731,22j@63v-4jh-rrk
blight-78732,235@63v-4jx-mx5
blight-78733,229@63v-4jx-mtv
blight-78734,02kjjxzfav@63v-44v-59f
blight-78735,0opiepnzoq@63v-44v-59f
blight-78736,224@63v-4dt-3qz
blight-78737,222@63v-4ds-wzf
blight-78738,227@63v-48d-6c5
blight-78739,22f@63v-49p-8gk
blight-78740,222@63v-47g-p35
blight-78741,222@63v-47h-t7q
blight-78742,225@63v-49z-skf
blight-78743,0ywdsx4gir@63v-44v-59f
blight-78744,228@63v-49z-qzz
blight-78745,239@63v-4jh-66k
blight-78746,227@63v-4hv-4qf
blight-78747,228@63v-4j8-z2k
blight-78748,236@63v-4j8-z2k
blight-78749,0o2qbvxoly@63v-44v-59f
blight-78750,22f@63v-4g2-r49
blight-78751,0qtb7kgclg@63v-44v-59f
blight-78752,236@63v-4j6-kvf
blight-78753,0seovh3fx7@63v-44v-59f
blight-78754,0fpb5s5bwi@63v-44v-59f
blight-78755,227@63v-48t-d35
blight-78756,223@63v-47g-49z
blight-78757,0j3kwpnahr@63v-44v-59f
blight-78758,227@63v-47g-5pv
blight-78759,226@63v-47g-5pv
blight-78760,222@63v-47g-73q
blight-78761,222@63v-47h-f2k
blight-78762,225@63v-487-qpv
blight-78763,227@63v-48y-ghq
blight-78764,0cvwcjsq7p@63v-44v-59f
blight-78765,0otsnhyiun@63v-44v-59f
blight-78766,228@63v-48y-ghq
blight-78767,223@63v-4jg-4vz
blight-78768,235@63v-4r9-ysq
blight-78769,233@63v-4r9-ysq
blight-78770,0gmyf4viwp@63v-44v-59f
blight-78771,22r@63v-4r9-z9f
blight-78772,22f@63v-4r9-wzf
blight-78773,237@63v-4r9-wzf
blight-78774,22c@63v-4r9-wzf
blight-78775,22k@63v-4r9-wzf
blight-78776,0zcywmdsye@63v-44v-59f
blight-78777,229@63v-44b-73q
blight-78778,228@63v-4gd-6hq
blight-78779,22w@63v-4ds-wzf
blight-78780,22y@63v-4ds-tqf
blight-78781,02yd6c66ym@63v-44v-59f
blight-78782,22m@63v-4rb-2tv
blight-78783,22p@63v-4rb-2tv
blight-78784,22w@63v-49y-x3q
blight-78785,22h@63v-44h-49z
blight-78786,23m@63v-44f-p35
blight-78787,0x4hzwn55m@63v-44v-59f
blight-78788,05xr57pn67@63v-44v-59f
blight-78789,22b@63v-44h-yn5
blight-78790,02qeabsld4@63v-44v-59f
blight-78791,22b@63v-49v-sh5
blight-78792,22m@63v-478-ckf
blight-78793,224@63v-49p-7h5
blight-78794,23g@63v-49p-8qf
blight-78795,226@63v-49p-8qf
blight-78796,235@63v-49h-2zf
blight-78797,02zrdduopk@63v-497-2kz
blight-78798,222@63v-494-jn5
blight-78799,04b3uudrak@63v-44v-59f
blight-78800,223@63v-477-xyv
blight-78801,23c@63v-49s-zvf
blight-78802,23k@63v-478-8vz
blight-78803,22r@63v-48x-syv
blight-78804,223@63v-48z-wx5
blight-78805,224@63v-478-cqz
blight-78806,225@63v-48y-rp9
blight-78807,22x@63v-492-tvz
blight-78808,224@63v-4jv-jvz
blight-78809,22k@63v-48y-sh5
blight-78810,0nhztqewqe@63v-44v-59f
blight-78811,232@63v-4ds-tqf
blight-78812,22s@63v-4ds-z2k
blight-78813,225@63v-456-nqz
blight-78814,233@63v-456-djv
blight-78815,22s@63v-4jx-bx5
blight-78816,22x@63v-4jx-ffz
blight-78817,229@63v-4jx-66k
blight-78818,22c@63v-4jx-66k
blight-78819,223@63v-4jx-66k
blight-78820,22j@63v-4hs-5fz
blight-78821,23k@63v-458-9mk
blight-78822,22r@63v-4jm-3nq
blight-78823,222@63v-4j3-grk
blight-78824,22v@63v-4jw-z75
blight-78825,22z@63v-4hz-qpv
blight-78826,22d@63v-4hz-z2k
blight-78827,22f@63v-4jm-dqf
blight-78828,0myrz366vd@63v-44v-59f
blight-78829,236@63v-4h4-w8v
blight-78830,223@63v-49y-zvf
blight-78831,22b@63v-4hy-kpv
blight-78832,0nqigi5ujf@63v-44v-59f
blight-78833,22c@63v-49z-q4v
blight-78834,22m@63v-49z-q4v
blight-78835,22x@63v-4g9-b49
blight-78836,222@63v-4g9-b49
blight-78837,22z@63v-49y-tvz
blight-78838,22h@63v-49y-zpv
blight-78839,22c@63v-49y-zpv
blight-78840,22m@63v-49z-py9
blight-78841,04mki3jx6c@63v-44v-59f
blight-78842,22y@63v-49y-x3q
blight-78843,227@63v-4gj-6hq
blight-78844,23b@63v-49z-2zf
blight-78845,22c@63v-49y-x89
blight-78846,225@63v-49s-m6k
blight-78847,224@63v-4dt-t9z
blight-78848,22h@63v-4r9-pjv
blight-78849,22f@63v-4rb-pgk
blight-78850,224@63v-4r9-psq
blight-78851,235@63v-4rb-mkz
blight-78852,226@63v-4jm-q4v
blight-78853,23d@63v-4rb-mkz
blight-78854,22q@63v-4dt-j35
blight-78855,239@63v-4dt-s89
blight-78856,22n@63v-4jx-vcq
blight-78857,224@63v-49s-wzf
blight-78858,226@63v-4jc-6c5
blight-78859,22k@63v-4hy-k75
blight-78860,0caymjimhx@63v-44v-59f
blight-78861,229@63v-4j6-bzf
blight-78862,0preoczuaf@63v-44v-59f
blight-78863,22n@63v-4hy-89z
blight-78864,22r@63v-4hy-89z
blight-78865,0w4bnh4h72@63v-44v-59f
blight-78866,0id63q4iw3@63v-44v-59f
blight-78867,22h@63v-486-mrk
blight-78868,223@63v-4hx-wx5
blight-78869,22j@63v-4hx-wx5
blight-78870,0ounaecc7q@63v-44v-59f
blight-78871,22m@63v-4jp-b6k
blight-78872,22s@63v-4hz-qpv
blight-78873,223@63v-488-q4v
blight-78874,225@63v-488-kzz
blight-78875,22s@63v-4hz-z2k
blight-78876,22t@63v-4j2-2hq
blight-78877,229@63v-494-5zz
blight-78878,228@63v-4j2-26k
blight-78879,22f@63v-4j2-26k
blight-78880,23v@63v-4ht-p7q
blight-78881,234@63v-4ht-p7q
blight-78882,22t@63v-4ht-p7q
blight-78883,22d@63v-4ht-p7q
blight-78884,229@63v-47j-zs5
blight-78885,0xwpl6fnph@63v-44v-59f
blight-78886,22h@63v-49p-8y9
blight-78887,22b@63v-49p-8y9
blight-78888,228@63v-49p-8y9
blight-78889,226@63v-49p-8y9
blight-78890,22m@63v-49p-8y9
blight-78891,0lcouwusn2@63v-44v-59f
blight-78892,225@63v-49p-xkf
blight-78893,229@63v-49s-7qz
blight-78894,0fywfi3apq@63v-44v-59f
blight-78895,0oxdsl5tjf@63v-44v-59f
blight-78896,222@63v-47g-575
blight-78897,227@63v-448-mx5
blight-78898,226@63v-448-rp9
blight-78899,223@63v-44f-r49
blight-78900,22j@63v-477-qxq
blight-78901,0af3ueeirl@63v-44v-59f
blight-78902,227@63v-4g8-v4v
blight-78903,23f@63v-45c-gkz
blight-78904,22d@63v-45c-gkz
blight-78905,0lxvv3qac2@63v-44v-59f
blight-78906,22s@63v-45c-8n5
blight-78907,233@63v-4hy-yjv
blight-78908,22p@63v-4b4-nqz
blight-78909,23j@63v-4b4-n89
blight-78910,22c@63v-4b4-n89
blight-78911,0e53xhyou5@63v-44v-59f
blight-78912,222@63v-497-26k
blight-78913,223@63v-4b2-jjv
blight-78914,22t@63v-4j3-bhq
blight-78915,0xvmptvx3w@63v-44v-59f
blight-78916,0bnqhkoqm7@63v-44v-59f
blight-78917,22b@63v-4jw-5pv
blight-78918,0jfchcbgh5@63v-44v-59f
blight-78919,225@63v-458-3dv
blight-78920,22r@63v-458-3dv
blight-78921,232@63v-48x-3h5
blight-78922,0fd6cf7ysu@63v-44v-59f
blight-78923,226@63v-44h-tgk
blight-78924,22n@63v-4rb-4jv
blight-78925,22x@63v-4hx-wtv
blight-78926,0z3jpulcvs@63v-44v-59f
blight-78927,22z@63v-4hy-9s5
blight-78928,227@63v-4hx-yn5
blight-78929,224@63v-4b4-qj9
blight-78930,224@63v-4rb-6hq
blight-78931,22j@63v-4g8-j35
blight-78932,22n@63v-4b4-nqz
blight-78933,0sbtj3agcv@63v-44v-59f
blight-78934,223@63v-48t-pjv
blight-78935,22f@63v-4g2-h89
blight-78936,223@63v-4r9-xqz
blight-78937,22x@63v-4b4-kfz
blight-78938,236@63v-4rb-4jv
blight-78939,233@63v-4rb-4jv
blight-78940,22v@63v-4b4-gp9
blight-78941,225@63v-47j-hqz
blight-78942,06ocvqlvtm@63v-44v-59f
blight-78943,226@63v-449-w8v
blight-78944,232@63v-4g8-6x5
blight-78945,22s@63v-449-v2k
blight-78946,22h@63v-4g8-6x5
blight-78947,23f@63v-4j2-z4v
blight-78948,22k@63v-4g2-y35
blight-78949,0lmpx5t6wk@63v-44v-59f
blight-78950,0t67kgocoa@63v-44v-59f
blight-78951,22g@63v-4hy-c89
blight-78952,22p@63v-4hy-59f
blight-78953,224@63v-4hs-5fz
blight-78954,22y@63v-4gc-x89
blight-78955,229@63v-49z-m6k
blight-78956,227@63v-49z-m6k
blight-78957,223@63v-49z-kzz
blight-78958,22w@63v-4jt-k9f
blight-78959,223@63v-4h6-fxq
blight-78960,227@63v-4rb-33q
blight-78961,22k@63v-4g6-2rk
blight-78962,229@63v-457-d5f
blight-78963,225@63v-4rb-33q
blight-78964,22v@63v-456-grk
blight-78965,22f@63v-456-j5f
blight-78966,23g@63v-453-kmk
blight-78967,222@63v-4hy-r8v
blight-78968,22r@63v-49p-cbk
blight-78969,22h@63v-4hy-sbk
blight-78970,22n@63v-454-gff
blight-78971,0lzx2nddwf@63v-44v-59f
blight-78972,226@63v-4r9-zmk
blight-78973,22m@63v-44h-fzz
blight-78974,223@63v-4r9-zmk
blight-78975,22x@63v-44h-fcq
blight-78976,0pukxn4tku@63v-44v-59f
blight-78977,228@63v-449-9pv
blight-78978,229@63v-449-9pv
blight-78979,223@63v-4hr-fj9
blight-78980,0hibixf5oz@63v-44v-59f
blight-78981,0kgodxbcaf@63v-44v-59f
blight-78982,0zi2dvtmle@63v-44v-59f
blight-78983,22y@63v-4hr-cnq
blight-78984,22b@63v-457-f4v
blight-78985,22n@63v-4dt-2zf
blight-78986,226@63v-4dx-d5f
blight-78987,22f@63v-4dt-vj9
blight-78988,0bllh5nqsw@63v-44v-59f
blight-78989,0oqloxs6ms@63v-44v-59f
blight-78990,22g@63v-4dx-hyv
blight-78991,238@63v-495-28v
blight-78992,22m@63v-4jx-m8v
blight-78993,223@63v-44h-zmk
blight-78994,222@63v-44h-st9
blight-78995,22c@63v-44g-z2k
blight-78996,22x@63v-44h-85f
blight-78997,22z@63v-44h-k9f
blight-78998,22t@63v-493-4qf
blight-78999,225@63v-4g2-sqz
